Workbook

Sheet 큐레이션마스터
A1: id | B1: 곡명 | C1: 아티스트 | D1: 연도 | E1: 무드 | F1: 순간 | G1: 그룹 | H1: videoId | I1: 유튜브URL | J1: 유튜브뮤직URL | K1: 썸네일URL | L1: 공식채널확인 | M1: 검증완료 | N1: 타겟적합(20-30) | O1: 비고 | P1: 유튜브 열기(자동) | Q1: 유튜브뮤직 열기(자동)
A2: S001 | B2: How Sweet | C2: NewJeans | D2: 2024 | E2: 상큼발랄 | F2: 바다, 드라이브 | G2: 여돌 | I2: =IF($H2="","","https://youtu.be/"&$H2) | J2: =IF($H2="","","https://music.youtube.com/watch?v="&$H2) | K2: =IF($H2="","","https://img.youtube.com/vi/"&$H2&"/hqdefault.jpg") | L2: 확인필요 | M2: N | N2: 높음 | O2: 씨앗(검증 전) | P2: https://www.youtube.com/results?search_query=NewJeans%20How%20Sweet | Q2: https://music.youtube.com/search?q=NewJeans%20How%20Sweet
A3: S002 | B3: Cake | C3: 있지 | D3: 2023 | E3: 상큼발랄 | F3: 바다 | G3: 여돌 | I3: =IF($H3="","","https://youtu.be/"&$H3) | J3: =IF($H3="","","https://music.youtube.com/watch?v="&$H3) | K3: =IF($H3="","","https://img.youtube.com/vi/"&$H3&"/hqdefault.jpg") | L3: 확인필요 | M3: N | N3: 높음 | O3: 씨앗(검증 전) | P3: https://www.youtube.com/results?search_query=%EC%9E%88%EC%A7%80%20Cake | Q3: https://music.youtube.com/search?q=%EC%9E%88%EC%A7%80%20Cake
A4: S003 | B4: Cupid | C4: 피프티 피프티 | D4: 2023 | E4: 상큼발랄 | F4: 바다 | G4: 여돌 | I4: =IF($H4="","","https://youtu.be/"&$H4) | J4: =IF($H4="","","https://music.youtube.com/watch?v="&$H4) | K4: =IF($H4="","","https://img.youtube.com/vi/"&$H4&"/hqdefault.jpg") | L4: 확인필요 | M4: N | N4: 높음 | O4: 씨앗(검증 전) | P4: https://www.youtube.com/results?search_query=%ED%94%BC%ED%94%84%ED%8B%B0%20%ED%94%BC%ED%94%84%ED%8B%B0%20Cupid | Q4: https://music.youtube.com/search?q=%ED%94%BC%ED%94%84%ED%8B%B0%20%ED%94%BC%ED%94%84%ED%8B%B0%20Cupid
A5: S004 | B5: Kitsch | C5: IVE | D5: 2023 | E5: 상큼발랄 | F5: 바다 | G5: 여돌 | I5: =IF($H5="","","https://youtu.be/"&$H5) | J5: =IF($H5="","","https://music.youtube.com/watch?v="&$H5) | K5: =IF($H5="","","https://img.youtube.com/vi/"&$H5&"/hqdefault.jpg") | L5: 확인필요 | M5: N | N5: 높음 | O5: 씨앗(검증 전) | P5: https://www.youtube.com/results?search_query=IVE%20Kitsch | Q5: https://music.youtube.com/search?q=IVE%20Kitsch
A6: S005 | B6: Queencard (퀸카) | C6: 여자아이들 | D6: 2023 | E6: 상큼발랄 | F6: 바다 | G6: 여돌 | I6: =IF($H6="","","https://youtu.be/"&$H6) | J6: =IF($H6="","","https://music.youtube.com/watch?v="&$H6) | K6: =IF($H6="","","https://img.youtube.com/vi/"&$H6&"/hqdefault.jpg") | L6: 확인필요 | M6: N | N6: 높음 | O6: 씨앗(검증 전) | P6: https://www.youtube.com/results?search_query=%EC%97%AC%EC%9E%90%EC%95%84%EC%9D%B4%EB%93%A4%20Queencard%20%28%ED%80%B8%EC%B9%B4%29 | Q6: https://music.youtube.com/search?q=%EC%97%AC%EC%9E%90%EC%95%84%EC%9D%B4%EB%93%A4%20Queencard%20%28%ED%80%B8%EC%B9%B4%29
A7: S006 | B7: Teddy Bear | C7: STAYC | D7: 2023 | E7: 상큼발랄 | F7: 바다, 드라이브 | G7: 여돌 | I7: =IF($H7="","","https://youtu.be/"&$H7) | J7: =IF($H7="","","https://music.youtube.com/watch?v="&$H7) | K7: =IF($H7="","","https://img.youtube.com/vi/"&$H7&"/hqdefault.jpg") | L7: 확인필요 | M7: N | N7: 높음 | O7: 씨앗(검증 전) | P7: https://www.youtube.com/results?search_query=STAYC%20Teddy%20Bear | Q7: https://music.youtube.com/search?q=STAYC%20Teddy%20Bear
A8: S007 | B8: We Fresh | C8: 케플러 | D8: 2023 | E8: 상큼발랄 | F8: 바다 | G8: 여돌 | I8: =IF($H8="","","https://youtu.be/"&$H8) | J8: =IF($H8="","","https://music.youtube.com/watch?v="&$H8) | K8: =IF($H8="","","https://img.youtube.com/vi/"&$H8&"/hqdefault.jpg") | L8: 확인필요 | M8: N | N8: 높음 | O8: 씨앗(검증 전) | P8: https://www.youtube.com/results?search_query=%EC%BC%80%ED%94%8C%EB%9F%AC%20We%20Fresh | Q8: https://music.youtube.com/search?q=%EC%BC%80%ED%94%8C%EB%9F%AC%20We%20Fresh
A9: S008 | B9: Birthday | C9: 레드벨벳 | D9: 2022 | E9: 상큼발랄 | F9: 바다 | G9: 여돌 | I9: =IF($H9="","","https://youtu.be/"&$H9) | J9: =IF($H9="","","https://music.youtube.com/watch?v="&$H9) | K9: =IF($H9="","","https://img.youtube.com/vi/"&$H9&"/hqdefault.jpg") | L9: 확인필요 | M9: N | N9: 높음 | O9: 씨앗(검증 전) | P9: https://www.youtube.com/results?search_query=%EB%A0%88%EB%93%9C%EB%B2%A8%EB%B2%B3%20Birthday | Q9: https://music.youtube.com/search?q=%EB%A0%88%EB%93%9C%EB%B2%A8%EB%B2%B3%20Birthday
A10: S009 | B10: Fanfare | C10: 트와이스 | D10: 2022 | E10: 상큼발랄 | F10: 바다, 드라이브 | G10: 여돌 | I10: =IF($H10="","","https://youtu.be/"&$H10) | J10: =IF($H10="","","https://music.youtube.com/watch?v="&$H10) | K10: =IF($H10="","","https://img.youtube.com/vi/"&$H10&"/hqdefault.jpg") | L10: 확인필요 | M10: N | N10: 높음 | O10: 씨앗(검증 전) | P10: https://www.youtube.com/results?search_query=%ED%8A%B8%EC%99%80%EC%9D%B4%EC%8A%A4%20Fanfare | Q10: https://music.youtube.com/search?q=%ED%8A%B8%EC%99%80%EC%9D%B4%EC%8A%A4%20Fanfare
A11: S010 | B11: Giddy | C11: 케플러 | D11: 2022 | E11: 상큼발랄 | F11: 바다, 드라이브 | G11: 여돌 | I11: =IF($H11="","","https://youtu.be/"&$H11) | J11: =IF($H11="","","https://music.youtube.com/watch?v="&$H11) | K11: =IF($H11="","","https://img.youtube.com/vi/"&$H11&"/hqdefault.jpg") | L11: 확인필요 | M11: N | N11: 높음 | O11: 씨앗(검증 전) | P11: https://www.youtube.com/results?search_query=%EC%BC%80%ED%94%8C%EB%9F%AC%20Giddy | Q11: https://music.youtube.com/search?q=%EC%BC%80%ED%94%8C%EB%9F%AC%20Giddy
A12: S011 | B12: Sneakers | C12: 있지 | D12: 2022 | E12: 상큼발랄 | F12: 바다, 드라이브 | G12: 여돌 | I12: =IF($H12="","","https://youtu.be/"&$H12) | J12: =IF($H12="","","https://music.youtube.com/watch?v="&$H12) | K12: =IF($H12="","","https://img.youtube.com/vi/"&$H12&"/hqdefault.jpg") | L12: 확인필요 | M12: N | N12: 높음 | O12: 씨앗(검증 전) | P12: https://www.youtube.com/results?search_query=%EC%9E%88%EC%A7%80%20Sneakers | Q12: https://music.youtube.com/search?q=%EC%9E%88%EC%A7%80%20Sneakers
A13: S012 | B13: Up! | C13: 케플러 | D13: 2022 | E13: 상큼발랄 | F13: 바다 | G13: 여돌 | I13: =IF($H13="","","https://youtu.be/"&$H13) | J13: =IF($H13="","","https://music.youtube.com/watch?v="&$H13) | K13: =IF($H13="","","https://img.youtube.com/vi/"&$H13&"/hqdefault.jpg") | L13: 확인필요 | M13: N | N13: 높음 | O13: 씨앗(검증 전) | P13: https://www.youtube.com/results?search_query=%EC%BC%80%ED%94%8C%EB%9F%AC%20Up%21 | Q13: https://music.youtube.com/search?q=%EC%BC%80%ED%94%8C%EB%9F%AC%20Up%21
... A49: S048 | B49: Electric Shock | C49: f(x) | D49: 2012 | E49: 상큼발랄 | F49: 바다 | G49: 여돌 | I49: =IF($H49="","","https://youtu.be/"&$H49) | J49: =IF($H49="","","https://music.youtube.com/watch?v="&$H49) | K49: =IF($H49="","","https://img.youtube.com/vi/"&$H49&"/hqdefault.jpg") | L49: 확인필요 | M49: N | N49: 높음 | O49: 씨앗(검증 전) | P49: https://www.youtube.com/results?search_query=f%28x%29%20Electric%20Shock | Q49: https://music.youtube.com/search?q=f%28x%29%20Electric%20Shock
A50: S049 | B50: CRAZY | C50: 르세라핌 | D50: 2024 | E50: 청량시원 | F50: 바다 | G50: 여돌 | I50: =IF($H55="","","https://youtu.be/"&$H55) | J50: =IF($H55="","","https://music.youtube.com/watch?v="&$H55) | K50: =IF($H55="","","https://img.youtube.com/vi/"&$H55&"/hqdefault.jpg") | L50: 확인필요 | M50: N | N50: 높음 | O50: 씨앗(검증 전) | P50: https://www.youtube.com/results?search_query=%EB%A5%B4%EC%84%B8%EB%9D%BC%ED%95%8C%20CRAZY | Q50: https://music.youtube.com/search?q=%EB%A5%B4%EC%84%B8%EB%9D%BC%ED%95%8C%20CRAZY
A51: S050 | B51: HEYA | C51: IVE | D51: 2024 | E51: 청량시원 | F51: 바다, 드라이브 | G51: 여돌 | I51: =IF($H56="","","https://youtu.be/"&$H56) | J51: =IF($H56="","","https://music.youtube.com/watch?v="&$H56) | K51: =IF($H56="","","https://img.youtube.com/vi/"&$H56&"/hqdefault.jpg") | L51: 확인필요 | M51: N | N51: 높음 | O51: 씨앗(검증 전) | P51: https://www.youtube.com/results?search_query=IVE%20HEYA | Q51: https://music.youtube.com/search?q=IVE%20HEYA
A52: S051 | B52: Super Lady | C52: 여자아이들 | D52: 2024 | E52: 청량시원 | F52: 바다, 드라이브 | G52: 여돌 | I52: =IF($H57="","","https://youtu.be/"&$H57) | J52: =IF($H57="","","https://music.youtube.com/watch?v="&$H57) | K52: =IF($H57="","","https://img.youtube.com/vi/"&$H57&"/hqdefault.jpg") | L52: 확인필요 | M52: N | N52: 높음 | O52: 씨앗(검증 전) | P52: https://www.youtube.com/results?search_query=%EC%97%AC%EC%9E%90%EC%95%84%EC%9D%B4%EB%93%A4%20Super%20Lady | Q52: https://music.youtube.com/search?q=%EC%97%AC%EC%9E%90%EC%95%84%EC%9D%B4%EB%93%A4%20Super%20Lady
A53: S052 | B53: Supernatural | C53: NewJeans | D53: 2024 | E53: 청량시원 | F53: 드라이브 | G53: 여돌 | I53: =IF($H58="","","https://youtu.be/"&$H58) | J53: =IF($H58="","","https://music.youtube.com/watch?v="&$H58) | K53: =IF($H58="","","https://img.youtube.com/vi/"&$H58&"/hqdefault.jpg") | L53: 확인필요 | M53: N | N53: 높음 | O53: 씨앗(검증 전) | P53: https://www.youtube.com/results?search_query=NewJeans%20Supernatural | Q53: https://music.youtube.com/search?q=NewJeans%20Supernatural
A54: S053 | B54: Supernova | C54: aespa | D54: 2024 | E54: 청량시원 | F54: 바다, 드라이브 | G54: 여돌 | I54: =IF($H59="","","https://youtu.be/"&$H59) | J54: =IF($H59="","","https://music.youtube.com/watch?v="&$H59) | K54: =IF($H59="","","https://img.youtube.com/vi/"&$H59&"/hqdefault.jpg") | L54: 확인필요 | M54: N | N54: 높음 | O54: 씨앗(검증 전) | P54: https://www.youtube.com/results?search_query=aespa%20Supernova | Q54: https://music.youtube.com/search?q=aespa%20Supernova
A55: S054 | B55: Whiplash | C55: aespa | D55: 2024 | E55: 청량시원 | F55: 바다 | G55: 여돌 | I55: =IF($H60="","","https://youtu.be/"&$H60) | J55: =IF($H60="","","https://music.youtube.com/watch?v="&$H60) | K55: =IF($H60="","","https://img.youtube.com/vi/"&$H60&"/hqdefault.jpg") | L55: 확인필요 | M55: N | N55: 높음 | O55: 씨앗(검증 전) | P55: https://www.youtube.com/results?search_query=aespa%20Whiplash | Q55: https://music.youtube.com/search?q=aespa%20Whiplash
A56: S055 | B56: 클락션 (Klaxon) | C56: 여자아이들 | D56: 2024 | E56: 청량시원 | F56: 드라이브 | G56: 여돌 | I56: =IF($H61="","","https://youtu.be/"&$H61) | J56: =IF($H61="","","https://music.youtube.com/watch?v="&$H61) | K56: =IF($H61="","","https://img.youtube.com/vi/"&$H61&"/hqdefault.jpg") | L56: 확인필요 | M56: N | N56: 높음 | O56: 씨앗(검증 전) | P56: https://www.youtube.com/results?search_query=%EC%97%AC%EC%9E%90%EC%95%84%EC%9D%B4%EB%93%A4%20%ED%81%B4%EB%9D%BD%EC%85%98%20%28Klaxon%29 | Q56: https://music.youtube.com/search?q=%EC%97%AC%EC%9E%90%EC%95%84%EC%9D%B4%EB%93%A4%20%ED%81%B4%EB%9D%BD%EC%85%98%20%28Klaxon%29
A57: S056 | B57: Baddie | C57: IVE | D57: 2023 | E57: 청량시원 | F57: 드라이브 | G57: 여돌 | I57: =IF($H62="","","https://youtu.be/"&$H62) | J57: =IF($H62="","","https://music.youtube.com/watch?v="&$H62) | K57: =IF($H62="","","https://img.youtube.com/vi/"&$H62&"/hqdefault.jpg") | L57: 확인필요 | M57: N | N57: 높음 | O57: 씨앗(검증 전) | P57: https://www.youtube.com/results?search_query=IVE%20Baddie | Q57: https://music.youtube.com/search?q=IVE%20Baddie
A58: S057 | B58: Beautiful Monster | C58: STAYC | D58: 2023 | E58: 청량시원 | F58: 바다 | G58: 여돌 | I58: =IF($H63="","","https://youtu.be/"&$H63) | J58: =IF($H63="","","https://music.youtube.com/watch?v="&$H63) | K58: =IF($H63="","","https://img.youtube.com/vi/"&$H63&"/hqdefault.jpg") | L58: 확인필요 | M58: N | N58: 높음 | O58: 씨앗(검증 전) | P58: https://www.youtube.com/results?search_query=STAYC%20Beautiful%20Monster | Q58: https://music.youtube.com/search?q=STAYC%20Beautiful%20Monster
A59: S058 | B59: Bubble | C59: STAYC | D59: 2023 | E59: 청량시원 | F59: 바다, 드라이브 | G59: 여돌 | I59: =IF($H64="","","https://youtu.be/"&$H64) | J59: =IF($H64="","","https://music.youtube.com/watch?v="&$H64) | K59: =IF($H64="","","https://img.youtube.com/vi/"&$H64&"/hqdefault.jpg") | L59: 확인필요 | M59: N | N59: 높음 | O59: 씨앗(검증 전) | P59: https://www.youtube.com/results?search_query=STAYC%20Bubble | Q59: https://music.youtube.com/search?q=STAYC%20Bubble
A60: S059 | B60: Drama | C60: aespa | D60: 2023 | E60: 청량시원 | F60: 드라이브 | G60: 여돌 | I60: =IF($H65="","","https://youtu.be/"&$H65) | J60: =IF($H65="","","https://music.youtube.com/watch?v="&$H65) | K60: =IF($H65="","","https://img.youtube.com/vi/"&$H65&"/hqdefault.jpg") | L60: 확인필요 | M60: N | N60: 높음 | O60: 씨앗(검증 전) | P60: https://www.youtube.com/results?search_query=aespa%20Drama | Q60: https://music.youtube.com/search?q=aespa%20Drama
A61: S060 | B61: ETA | C61: NewJeans | D61: 2023 | E61: 청량시원 | F61: 바다 | G61: 여돌 | I61: =IF($H66="","","https://youtu.be/"&$H66) | J61: =IF($H66="","","https://music.youtube.com/watch?v="&$H66) | K61: =IF($H66="","","https://img.youtube.com/vi/"&$H66&"/hqdefault.jpg") | L61: 확인필요 | M61: N | N61: 높음 | O61: 씨앗(검증 전) | P61: https://www.youtube.com/results?search_query=NewJeans%20ETA | Q61: https://music.youtube.com/search?q=NewJeans%20ETA
... A98: S097 | B98: 뛰어(Run) | C98: 여자아이들 | D98: 2018 | E98: 청량시원 | F98: 드라이브 | G98: 여돌 | I98: =IF($H103="","","https://youtu.be/"&$H103) | J98: =IF($H103="","","https://music.youtube.com/watch?v="&$H103) | K98: =IF($H103="","","https://img.youtube.com/vi/"&$H103&"/hqdefault.jpg") | L98: 확인필요 | M98: N | N98: 높음 | O98: 씨앗(검증 전) | P98: https://www.youtube.com/results?search_query=%EC%97%AC%EC%9E%90%EC%95%84%EC%9D%B4%EB%93%A4%20%EB%9B%B0%EC%96%B4%28Run%29 | Q98: https://music.youtube.com/search?q=%EC%97%AC%EC%9E%90%EC%95%84%EC%9D%B4%EB%93%A4%20%EB%9B%B0%EC%96%B4%28Run%29
A99: S098 | B99: As If It's Your Last (마지막처럼) | C99: 블랙핑크 | D99: 2017 | E99: 청량시원 | F99: 드라이브 | G99: 여돌 | I99: =IF($H105="","","https://youtu.be/"&$H105) | J99: =IF($H105="","","https://music.youtube.com/watch?v="&$H105) | K99: =IF($H105="","","https://img.youtube.com/vi/"&$H105&"/hqdefault.jpg") | L99: 확인필요 | M99: N | N99: 높음 | O99: 씨앗(검증 전) | P99: https://www.youtube.com/results?search_query=%EB%B8%94%EB%9E%99%ED%95%91%ED%81%AC%20As%20If%20It%27s%20Your%20Last%20%28%EB%A7%88%EC%A7%80%EB%A7%89%EC%B2%98%EB%9F%BC%29 | Q99: https://music.youtube.com/search?q=%EB%B8%94%EB%9E%99%ED%95%91%ED%81%AC%20As%20If%20It%27s%20Your%20Last%20%28%EB%A7%88%EC%A7%80%EB%A7%89%EC%B2%98%EB%9F%BC%29
A100: S099 | B100: 귀를 기울이면 (Love Whisper) | C100: 여자친구 | D100: 2017 | E100: 청량시원 | F100: 바다 | G100: 여돌 | I100: =IF($H106="","","https://youtu.be/"&$H106) | J100: =IF($H106="","","https://music.youtube.com/watch?v="&$H106) | K100: =IF($H106="","","https://img.youtube.com/vi/"&$H106&"/hqdefault.jpg") | L100: 확인필요 | M100: N | N100: 높음 | O100: 씨앗(검증 전) | P100: https://www.youtube.com/results?search_query=%EC%97%AC%EC%9E%90%EC%B9%9C%EA%B5%AC%20%EA%B7%80%EB%A5%BC%20%EA%B8%B0%EC%9A%B8%EC%9D%B4%EB%A9%B4%20%28Love%20Whisper%29 | Q100: https://music.youtube.com/search?q=%EC%97%AC%EC%9E%90%EC%B9%9C%EA%B5%AC%20%EA%B7%80%EB%A5%BC%20%EA%B8%B0%EC%9A%B8%EC%9D%B4%EB%A9%B4%20%28Love%20Whisper%29
A101: S100 | B101: 덜덜덜 (DDD) | C101: EXID | D101: 2017 | E101: 청량시원 | F101: 바다, 드라이브 | G101: 여돌 | I101: =IF($H107="","","https://youtu.be/"&$H107) | J101: =IF($H107="","","https://music.youtube.com/watch?v="&$H107) | K101: =IF($H107="","","https://img.youtube.com/vi/"&$H107&"/hqdefault.jpg") | L101: 확인필요 | M101: N | N101: 높음 | O101: 씨앗(검증 전) | P101: https://www.youtube.com/results?search_query=EXID%20%EB%8D%9C%EB%8D%9C%EB%8D%9C%20%28DDD%29 | Q101: https://music.youtube.com/search?q=EXID%20%EB%8D%9C%EB%8D%9C%EB%8D%9C%20%28DDD%29
A102: S101 | B102: Why So Lonely | C102: 원더걸스 | D102: 2016 | E102: 청량시원 | F102: 드라이브 | G102: 여돌 | I102: =IF($H110="","","https://youtu.be/"&$H110) | J102: =IF($H110="","","https://music.youtube.com/watch?v="&$H110) | K102: =IF($H110="","","https://img.youtube.com/vi/"&$H110&"/hqdefault.jpg") | L102: 확인필요 | M102: N | N102: 높음 | O102: 씨앗(검증 전) | P102: https://www.youtube.com/results?search_query=%EC%9B%90%EB%8D%94%EA%B1%B8%EC%8A%A4%20Why%20So%20Lonely | Q102: https://music.youtube.com/search?q=%EC%9B%90%EB%8D%94%EA%B1%B8%EC%8A%A4%20Why%20So%20Lonely
A103: S102 | B103: Windy Day | C103: 오마이걸 | D103: 2016 | E103: 청량시원 | F103: 바다, 드라이브 | G103: 여돌 | I103: =IF($H111="","","https://youtu.be/"&$H111) | J103: =IF($H111="","","https://music.youtube.com/watch?v="&$H111) | K103: =IF($H111="","","https://img.youtube.com/vi/"&$H111&"/hqdefault.jpg") | L103: 확인필요 | M103: N | N103: 높음 | O103: 씨앗(검증 전) | P103: https://www.youtube.com/results?search_query=%EC%98%A4%EB%A7%88%EC%9D%B4%EA%B1%B8%20Windy%20Day | Q103: https://music.youtube.com/search?q=%EC%98%A4%EB%A7%88%EC%9D%B4%EA%B1%B8%20Windy%20Day
A104: S103 | B104: 너 그리고 나 (NAVILLERA) | C104: 여자친구 | D104: 2016 | E104: 청량시원 | F104: 바다, 드라이브 | G104: 여돌 | I104: =IF($H112="","","https://youtu.be/"&$H112) | J104: =IF($H112="","","https://music.youtube.com/watch?v="&$H112) | K104: =IF($H112="","","https://img.youtube.com/vi/"&$H112&"/hqdefault.jpg") | L104: 확인필요 | M104: N | N104: 높음 | O104: 씨앗(검증 전) | P104: https://www.youtube.com/results?search_query=%EC%97%AC%EC%9E%90%EC%B9%9C%EA%B5%AC%20%EB%84%88%20%EA%B7%B8%EB%A6%AC%EA%B3%A0%20%EB%82%98%20%28NAVILLERA%29 | Q104: https://music.youtube.com/search?q=%EC%97%AC%EC%9E%90%EC%B9%9C%EA%B5%AC%20%EB%84%88%20%EA%B7%B8%EB%A6%AC%EA%B3%A0%20%EB%82%98%20%28NAVILLERA%29
A105: S104 | B105: 싫어 (Hate) | C105: 포미닛 | D105: 2016 | E105: 청량시원 | F105: 바다, 드라이브 | G105: 여돌 | I105: =IF($H113="","","https://youtu.be/"&$H113) | J105: =IF($H113="","","https://music.youtube.com/watch?v="&$H113) | K105: =IF($H113="","","https://img.youtube.com/vi/"&$H113&"/hqdefault.jpg") | L105: 확인필요 | M105: N | N105: 높음 | O105: 씨앗(검증 전) | P105: https://www.youtube.com/results?search_query=%ED%8F%AC%EB%AF%B8%EB%8B%9B%20%EC%8B%AB%EC%96%B4%20%28Hate%29 | Q105: https://music.youtube.com/search?q=%ED%8F%AC%EB%AF%B8%EB%8B%9B%20%EC%8B%AB%EC%96%B4%20%28Hate%29
A106: S105 | B106: I Swear | C106: 씨스타 | D106: 2014 | E106: 청량시원 | F106: 바다, 드라이브 | G106: 여돌 | I106: =IF($H119="","","https://youtu.be/"&$H119) | J106: =IF($H119="","","https://music.youtube.com/watch?v="&$H119) | K106: =IF($H119="","","https://img.youtube.com/vi/"&$H119&"/hqdefault.jpg") | L106: 확인필요 | M106: N | N106: 높음 | O106: 씨앗(검증 전) | P106: https://www.youtube.com/results?search_query=%EC%94%A8%EC%8A%A4%ED%83%80%20I%20Swear | Q106: https://music.youtube.com/search?q=%EC%94%A8%EC%8A%A4%ED%83%80%20I%20Swear
A107: S106 | B107: Mr.Mr. | C107: 소녀시대 | D107: 2014 | E107: 청량시원 | F107: 바다, 드라이브 | G107: 여돌 | I107: =IF($H120="","","https://youtu.be/"&$H120) | J107: =IF($H120="","","https://music.youtube.com/watch?v="&$H120) | K107: =IF($H120="","","https://img.youtube.com/vi/"&$H120&"/hqdefault.jpg") | L107: 확인필요 | M107: N | N107: 높음 | O107: 씨앗(검증 전) | P107: https://www.youtube.com/results?search_query=%EC%86%8C%EB%85%80%EC%8B%9C%EB%8C%80%20Mr.Mr. | Q107: https://music.youtube.com/search?q=%EC%86%8C%EB%85%80%EC%8B%9C%EB%8C%80%20Mr.Mr.
A108: S107 | B108: Touch My Body | C108: 씨스타 | D108: 2014 | E108: 청량시원 | F108: 드라이브 | G108: 여돌 | I108: =IF($H121="","","https://youtu.be/"&$H121) | J108: =IF($H121="","","https://music.youtube.com/watch?v="&$H121) | K108: =IF($H121="","","https://img.youtube.com/vi/"&$H121&"/hqdefault.jpg") | L108: 확인필요 | M108: N | N108: 높음 | O108: 씨앗(검증 전) | P108: https://www.youtube.com/results?search_query=%EC%94%A8%EC%8A%A4%ED%83%80%20Touch%20My%20Body | Q108: https://music.youtube.com/search?q=%EC%94%A8%EC%8A%A4%ED%83%80%20Touch%20My%20Body
A109: S108 | B109: 좋아요 (Like a Cat) | C109: AOA | D109: 2014 | E109: 청량시원 | F109: 바다, 드라이브 | G109: 여돌 | I109: =IF($H122="","","https://youtu.be/"&$H122) | J109: =IF($H122="","","https://music.youtube.com/watch?v="&$H122) | K109: =IF($H122="","","https://img.youtube.com/vi/"&$H122&"/hqdefault.jpg") | L109: 확인필요 | M109: N | N109: 높음 | O109: 씨앗(검증 전) | P109: https://www.youtube.com/results?search_query=AOA%20%EC%A2%8B%EC%95%84%EC%9A%94%20%28Like%20a%20Cat%29 | Q109: https://music.youtube.com/search?q=AOA%20%EC%A2%8B%EC%95%84%EC%9A%94%20%28Like%20a%20Cat%29
A110: S109 | B110: 기대해 (Expect) | C110: 걸스데이 | D110: 2013 | E110: 청량시원 | F110: 바다 | G110: 여돌 | I110: =IF($H123="","","https://youtu.be/"&$H123) | J110: =IF($H123="","","https://music.youtube.com/watch?v="&$H123) | K110: =IF($H123="","","https://img.youtube.com/vi/"&$H123&"/hqdefault.jpg") | L110: 확인필요 | M110: N | N110: 높음 | O110: 씨앗(검증 전) | P110: https://www.youtube.com/results?search_query=%EA%B1%B8%EC%8A%A4%EB%8D%B0%EC%9D%B4%20%EA%B8%B0%EB%8C%80%ED%95%B4%20%28Expect%29 | Q110: https://music.youtube.com/search?q=%EA%B1%B8%EC%8A%A4%EB%8D%B0%EC%9D%B4%20%EA%B8%B0%EB%8C%80%ED%95%B4%20%28Expect%29
A111: S110 | B111: Loving U (러빙유) | C111: 씨스타 | D111: 2012 | E111: 청량시원 | F111: 바다 | G111: 여돌 | I111: =IF($H124="","","https://youtu.be/"&$H124) | J111: =IF($H124="","","https://music.youtube.com/watch?v="&$H124) | K111: =IF($H124="","","https://img.youtube.com/vi/"&$H124&"/hqdefault.jpg") | L111: 확인필요 | M111: N | N111: 높음 | O111: 씨앗(검증 전) | P111: https://www.youtube.com/results?search_query=%EC%94%A8%EC%8A%A4%ED%83%80%20Loving%20U%20%28%EB%9F%AC%EB%B9%99%EC%9C%A0%29 | Q111: https://music.youtube.com/search?q=%EC%94%A8%EC%8A%A4%ED%83%80%20Loving%20U%20%28%EB%9F%AC%EB%B9%99%EC%9C%A0%29
A112: S111 | B112: Pandora | C112: 카라 | D112: 2012 | E112: 청량시원 | F112: 드라이브 | G112: 여돌 | I112: =IF($H125="","","https://youtu.be/"&$H125) | J112: =IF($H125="","","https://music.youtube.com/watch?v="&$H125) | K112: =IF($H125="","","https://img.youtube.com/vi/"&$H125&"/hqdefault.jpg") | L112: 확인필요 | M112: N | N112: 높음 | O112: 씨앗(검증 전) | P112: https://www.youtube.com/results?search_query=%EC%B9%B4%EB%9D%BC%20Pandora | Q112: https://music.youtube.com/search?q=%EC%B9%B4%EB%9D%BC%20Pandora
A113: S112 | B113: Sexy Love | C113: 티아라 | D113: 2012 | E113: 청량시원 | F113: 바다, 드라이브 | G113: 여돌 | I113: =IF($H126="","","https://youtu.be/"&$H126) | J113: =IF($H126="","","https://music.youtube.com/watch?v="&$H126) | K113: =IF($H126="","","https://img.youtube.com/vi/"&$H126&"/hqdefault.jpg") | L113: 확인필요 | M113: N | N113: 높음 | O113: 씨앗(검증 전) | P113: https://www.youtube.com/results?search_query=%ED%8B%B0%EC%95%84%EB%9D%BC%20Sexy%20Love | Q113: https://music.youtube.com/search?q=%ED%8B%B0%EC%95%84%EB%9D%BC%20Sexy%20Love
A114: S113 | B114: Bubble Gum | C114: NewJeans | D114: 2024 | E114: 설렘두근 | F114: 밤바다 | G114: 여돌 | I114: =IF($H133="","","https://youtu.be/"&$H133) | J114: =IF($H133="","","https://music.youtube.com/watch?v="&$H133) | K114: =IF($H133="","","https://img.youtube.com/vi/"&$H133&"/hqdefault.jpg") | L114: 확인필요 | M114: N | N114: 높음 | O114: 씨앗(검증 전) | P114: https://www.youtube.com/results?search_query=NewJeans%20Bubble%20Gum | Q114: https://music.youtube.com/search?q=NewJeans%20Bubble%20Gum
A115: S114 | B115: Off The Record | C115: IVE | D115: 2023 | E115: 설렘두근 | F115: 밤바다 | G115: 여돌 | I115: =IF($H134="","","https://youtu.be/"&$H134) | J115: =IF($H134="","","https://music.youtube.com/watch?v="&$H134) | K115: =IF($H134="","","https://img.youtube.com/vi/"&$H134&"/hqdefault.jpg") | L115: 확인필요 | M115: N | N115: 높음 | O115: 씨앗(검증 전) | P115: https://www.youtube.com/results?search_query=IVE%20Off%20The%20Record | Q115: https://music.youtube.com/search?q=IVE%20Off%20The%20Record
A116: S115 | B116: Perfect Night | C116: 르세라핌 | D116: 2023 | E116: 설렘두근 | F116: 밤바다 | G116: 여돌 | I116: =IF($H135="","","https://youtu.be/"&$H135) | J116: =IF($H135="","","https://music.youtube.com/watch?v="&$H135) | K116: =IF($H135="","","https://img.youtube.com/vi/"&$H135&"/hqdefault.jpg") | L116: 확인필요 | M116: N | N116: 높음 | O116: 씨앗(검증 전) | P116: https://www.youtube.com/results?search_query=%EB%A5%B4%EC%84%B8%EB%9D%BC%ED%95%8C%20Perfect%20Night | Q116: https://music.youtube.com/search?q=%EB%A5%B4%EC%84%B8%EB%9D%BC%ED%95%8C%20Perfect%20Night
A117: S116 | B117: Super Shy | C117: NewJeans | D117: 2023 | E117: 설렘두근 | F117: 밤바다 | G117: 여돌 | I117: =IF($H136="","","https://youtu.be/"&$H136) | J117: =IF($H136="","","https://music.youtube.com/watch?v="&$H136) | K117: =IF($H136="","","https://img.youtube.com/vi/"&$H136&"/hqdefault.jpg") | L117: 확인필요 | M117: N | N117: 높음 | O117: 씨앗(검증 전) | P117: https://www.youtube.com/results?search_query=NewJeans%20Super%20Shy | Q117: https://music.youtube.com/search?q=NewJeans%20Super%20Shy
A118: S117 | B118: Attention | C118: NewJeans | D118: 2022 | E118: 설렘두근 | F118: 밤바다, 드라이브 | G118: 여돌 | I118: =IF($H137="","","https://youtu.be/"&$H137) | J118: =IF($H137="","","https://music.youtube.com/watch?v="&$H137) | K118: =IF($H137="","","https://img.youtube.com/vi/"&$H137&"/hqdefault.jpg") | L118: 확인필요 | M118: N | N118: 높음 | O118: 씨앗(검증 전) | P118: https://www.youtube.com/results?search_query=NewJeans%20Attention | Q118: https://music.youtube.com/search?q=NewJeans%20Attention
A119: S118 | B119: DM | C119: 프로미스나인 | D119: 2022 | E119: 설렘두근 | F119: 밤바다, 드라이브 | G119: 여돌 | I119: =IF($H138="","","https://youtu.be/"&$H138) | J119: =IF($H138="","","https://music.youtube.com/watch?v="&$H138) | K119: =IF($H138="","","https://img.youtube.com/vi/"&$H138&"/hqdefault.jpg") | L119: 확인필요 | M119: N | N119: 높음 | O119: 씨앗(검증 전) | P119: https://www.youtube.com/results?search_query=%ED%94%84%EB%A1%9C%EB%AF%B8%EC%8A%A4%EB%82%98%EC%9D%B8%20DM | Q119: https://music.youtube.com/search?q=%ED%94%84%EB%A1%9C%EB%AF%B8%EC%8A%A4%EB%82%98%EC%9D%B8%20DM
A120: S119 | B120: Dreams Come True | C120: aespa | D120: 2022 | E120: 설렘두근 | F120: 밤바다, 드라이브 | G120: 여돌 | I120: =IF($H139="","","https://youtu.be/"&$H139) | J120: =IF($H139="","","https://music.youtube.com/watch?v="&$H139) | K120: =IF($H139="","","https://img.youtube.com/vi/"&$H139&"/hqdefault.jpg") | L120: 확인필요 | M120: N | N120: 높음 | O120: 씨앗(검증 전) | P120: https://www.youtube.com/results?search_query=aespa%20Dreams%20Come%20True | Q120: https://music.youtube.com/search?q=aespa%20Dreams%20Come%20True
A121: S120 | B121: Hype Boy | C121: NewJeans | D121: 2022 | E121: 설렘두근 | F121: 밤바다 | G121: 여돌 | I121: =IF($H140="","","https://youtu.be/"&$H140) | J121: =IF($H140="","","https://music.youtube.com/watch?v="&$H140) | K121: =IF($H140="","","https://img.youtube.com/vi/"&$H140&"/hqdefault.jpg") | L121: 확인필요 | M121: N | N121: 높음 | O121: 씨앗(검증 전) | P121: https://www.youtube.com/results?search_query=NewJeans%20Hype%20Boy | Q121: https://music.youtube.com/search?q=NewJeans%20Hype%20Boy
A122: S121 | B122: LOVE DIVE | C122: IVE | D122: 2022 | E122: 설렘두근 | F122: 밤바다, 드라이브 | G122: 여돌 | I122: =IF($H141="","","https://youtu.be/"&$H141) | J122: =IF($H141="","","https://music.youtube.com/watch?v="&$H141) | K122: =IF($H141="","","https://img.youtube.com/vi/"&$H141&"/hqdefault.jpg") | L122: 확인필요 | M122: N | N122: 높음 | O122: 씨앗(검증 전) | P122: https://www.youtube.com/results?search_query=IVE%20LOVE%20DIVE | Q122: https://music.youtube.com/search?q=IVE%20LOVE%20DIVE
A123: S122 | B123: ELEVEN | C123: IVE | D123: 2021 | E123: 설렘두근 | F123: 밤바다 | G123: 여돌 | I123: =IF($H142="","","https://youtu.be/"&$H142) | J123: =IF($H142="","","https://music.youtube.com/watch?v="&$H142) | K123: =IF($H142="","","https://img.youtube.com/vi/"&$H142&"/hqdefault.jpg") | L123: 확인필요 | M123: N | N123: 높음 | O123: 씨앗(검증 전) | P123: https://www.youtube.com/results?search_query=IVE%20ELEVEN | Q123: https://music.youtube.com/search?q=IVE%20ELEVEN
A124: S123 | B124: Stereotype (색안경) | C124: STAYC | D124: 2021 | E124: 설렘두근 | F124: 밤바다 | G124: 여돌 | I124: =IF($H143="","","https://youtu.be/"&$H143) | J124: =IF($H143="","","https://music.youtube.com/watch?v="&$H143) | K124: =IF($H143="","","https://img.youtube.com/vi/"&$H143&"/hqdefault.jpg") | L124: 확인필요 | M124: N | N124: 높음 | O124: 씨앗(검증 전) | P124: https://www.youtube.com/results?search_query=STAYC%20Stereotype%20%28%EC%83%89%EC%95%88%EA%B2%BD%29 | Q124: https://music.youtube.com/search?q=STAYC%20Stereotype%20%28%EC%83%89%EC%95%88%EA%B2%BD%29
A125: S124 | B125: The Feels | C125: 트와이스 | D125: 2021 | E125: 설렘두근 | F125: 밤바다 | G125: 여돌 | I125: =IF($H144="","","https://youtu.be/"&$H144) | J125: =IF($H144="","","https://music.youtube.com/watch?v="&$H144) | K125: =IF($H144="","","https://img.youtube.com/vi/"&$H144&"/hqdefault.jpg") | L125: 확인필요 | M125: N | N125: 높음 | O125: 씨앗(검증 전) | P125: https://www.youtube.com/results?search_query=%ED%8A%B8%EC%99%80%EC%9D%B4%EC%8A%A4%20The%20Feels | Q125: https://music.youtube.com/search?q=%ED%8A%B8%EC%99%80%EC%9D%B4%EC%8A%A4%20The%20Feels
... A129: S128 | B129: 너를 만나 (Rainbow) | C129: 여자친구 | D129: 2018 | E129: 설렘두근 | F129: 밤바다, 드라이브 | G129: 여돌 | I129: =IF($H148="","","https://youtu.be/"&$H148) | J129: =IF($H148="","","https://music.youtube.com/watch?v="&$H148) | K129: =IF($H148="","","https://img.youtube.com/vi/"&$H148&"/hqdefault.jpg") | L129: 확인필요 | M129: N | N129: 높음 | O129: 씨앗(검증 전) | P129: https://www.youtube.com/results?search_query=%EC%97%AC%EC%9E%90%EC%B9%9C%EA%B5%AC%20%EB%84%88%EB%A5%BC%20%EB%A7%8C%EB%82%98%20%28Rainbow%29 | Q129: https://music.youtube.com/search?q=%EC%97%AC%EC%9E%90%EC%B9%9C%EA%B5%AC%20%EB%84%88%EB%A5%BC%20%EB%A7%8C%EB%82%98%20%28Rainbow%29
A130: S129 | B130: Destiny (나의 지구) | C130: 러블리즈 | D130: 2016 | E130: 설렘두근 | F130: 밤바다 | G130: 여돌 | I130: =IF($H151="","","https://youtu.be/"&$H151) | J130: =IF($H151="","","https://music.youtube.com/watch?v="&$H151) | K130: =IF($H151="","","https://img.youtube.com/vi/"&$H151&"/hqdefault.jpg") | L130: 확인필요 | M130: N | N130: 높음 | O130: 씨앗(검증 전) | P130: https://www.youtube.com/results?search_query=%EB%9F%AC%EB%B8%94%EB%A6%AC%EC%A6%88%20Destiny%20%28%EB%82%98%EC%9D%98%20%EC%A7%80%EA%B5%AC%29 | Q130: https://music.youtube.com/search?q=%EB%9F%AC%EB%B8%94%EB%A6%AC%EC%A6%88%20Destiny%20%28%EB%82%98%EC%9D%98%20%EC%A7%80%EA%B5%AC%29
A131: S130 | B131: 위아래 (Up & Down) | C131: EXID | D131: 2014 | E131: 설렘두근 | F131: 밤바다 | G131: 여돌 | I131: =IF($H157="","","https://youtu.be/"&$H157) | J131: =IF($H157="","","https://music.youtube.com/watch?v="&$H157) | K131: =IF($H157="","","https://img.youtube.com/vi/"&$H157&"/hqdefault.jpg") | L131: 확인필요 | M131: N | N131: 높음 | O131: 씨앗(검증 전) | P131: https://www.youtube.com/results?search_query=EXID%20%EC%9C%84%EC%95%84%EB%9E%98%20%28Up%20%26%20Down%29 | Q131: https://music.youtube.com/search?q=EXID%20%EC%9C%84%EC%95%84%EB%9E%98%20%28Up%20%26%20Down%29
A132: S131 | B132: Hush | C132: 미쓰에이 | D132: 2013 | E132: 설렘두근 | F132: 밤바다, 드라이브 | G132: 여돌 | I132: =IF($H158="","","https://youtu.be/"&$H158) | J132: =IF($H158="","","https://music.youtube.com/watch?v="&$H158) | K132: =IF($H158="","","https://img.youtube.com/vi/"&$H158&"/hqdefault.jpg") | L132: 확인필요 | M132: N | N132: 높음 | O132: 씨앗(검증 전) | P132: https://www.youtube.com/results?search_query=%EB%AF%B8%EC%93%B0%EC%97%90%EC%9D%B4%20Hush | Q132: https://music.youtube.com/search?q=%EB%AF%B8%EC%93%B0%EC%97%90%EC%9D%B4%20Hush
A133: S132 | B133: Cool With You | C133: NewJeans | D133: 2023 | E133: 센치감성 | F133: 밤바다 | G133: 여돌 | I133: =IF($H160="","","https://youtu.be/"&$H160) | J133: =IF($H160="","","https://music.youtube.com/watch?v="&$H160) | K133: =IF($H160="","","https://img.youtube.com/vi/"&$H160&"/hqdefault.jpg") | L133: 확인필요 | M133: N | N133: 높음 | O133: 씨앗(검증 전) | P133: https://www.youtube.com/results?search_query=NewJeans%20Cool%20With%20You | Q133: https://music.youtube.com/search?q=NewJeans%20Cool%20With%20You
A134: S133 | B134: Ditto | C134: NewJeans | D134: 2022 | E134: 센치감성 | F134: 비오는날, 밤바다 | G134: 여돌 | I134: =IF($H161="","","https://youtu.be/"&$H161) | J134: =IF($H161="","","https://music.youtube.com/watch?v="&$H161) | K134: =IF($H161="","","https://img.youtube.com/vi/"&$H161&"/hqdefault.jpg") | L134: 확인필요 | M134: N | N134: 높음 | O134: 씨앗(검증 전) | P134: https://www.youtube.com/results?search_query=NewJeans%20Ditto | Q134: https://music.youtube.com/search?q=NewJeans%20Ditto
A135: S134 | B135: Lovesick Girls | C135: 블랙핑크 | D135: 2020 | E135: 센치감성 | F135: 밤바다 | G135: 여돌 | I135: =IF($H162="","","https://youtu.be/"&$H162) | J135: =IF($H162="","","https://music.youtube.com/watch?v="&$H162) | K135: =IF($H162="","","https://img.youtube.com/vi/"&$H162&"/hqdefault.jpg") | L135: 확인필요 | M135: N | N135: 높음 | O135: 씨앗(검증 전) | P135: https://www.youtube.com/results?search_query=%EB%B8%94%EB%9E%99%ED%95%91%ED%81%AC%20Lovesick%20Girls | Q135: https://music.youtube.com/search?q=%EB%B8%94%EB%9E%99%ED%95%91%ED%81%AC%20Lovesick%20Girls
A136: S135 | B136: Feel Special | C136: 트와이스 | D136: 2019 | E136: 센치감성 | F136: 비오는날, 밤바다 | G136: 여돌 | I136: =IF($H163="","","https://youtu.be/"&$H163) | J136: =IF($H163="","","https://music.youtube.com/watch?v="&$H163) | K136: =IF($H163="","","https://img.youtube.com/vi/"&$H163&"/hqdefault.jpg") | L136: 확인필요 | M136: N | N136: 높음 | O136: 씨앗(검증 전) | P136: https://www.youtube.com/results?search_query=%ED%8A%B8%EC%99%80%EC%9D%B4%EC%8A%A4%20Feel%20Special | Q136: https://music.youtube.com/search?q=%ED%8A%B8%EC%99%80%EC%9D%B4%EC%8A%A4%20Feel%20Special
A137: S136 | B137: Bad Boy | C137: 레드벨벳 | D137: 2018 | E137: 센치감성 | F137: 밤바다 | G137: 여돌 | I137: =IF($H164="","","https://youtu.be/"&$H164) | J137: =IF($H164="","","https://music.youtube.com/watch?v="&$H164) | K137: =IF($H164="","","https://img.youtube.com/vi/"&$H164&"/hqdefault.jpg") | L137: 확인필요 | M137: N | N137: 높음 | O137: 씨앗(검증 전) | P137: https://www.youtube.com/results?search_query=%EB%A0%88%EB%93%9C%EB%B2%A8%EB%B2%B3%20Bad%20Boy | Q137: https://music.youtube.com/search?q=%EB%A0%88%EB%93%9C%EB%B2%A8%EB%B2%B3%20Bad%20Boy
A138: S137 | B138: Number 9 | C138: 티아라 | D138: 2013 | E138: 센치감성 | F138: 밤바다 | G138: 여돌 | I138: =IF($H169="","","https://youtu.be/"&$H169) | J138: =IF($H169="","","https://music.youtube.com/watch?v="&$H169) | K138: =IF($H169="","","https://img.youtube.com/vi/"&$H169&"/hqdefault.jpg") | L138: 확인필요 | M138: N | N138: 높음 | O138: 씨앗(검증 전) | P138: https://www.youtube.com/results?search_query=%ED%8B%B0%EC%95%84%EB%9D%BC%20Number%209 | Q138: https://music.youtube.com/search?q=%ED%8B%B0%EC%95%84%EB%9D%BC%20Number%209
A139: S138 | B139: Feel the POP | C139: 제로베이스원 | D139: 2024 | E139: 상큼발랄 | F139: 바다 | G139: 남돌 | I139: =IF($H170="","","https://youtu.be/"&$H170) | J139: =IF($H170="","","https://music.youtube.com/watch?v="&$H170) | K139: =IF($H170="","","https://img.youtube.com/vi/"&$H170&"/hqdefault.jpg") | L139: 확인필요 | M139: N | N139: 높음 | O139: 씨앗(검증 전) | P139: https://www.youtube.com/results?search_query=%EC%A0%9C%EB%A1%9C%EB%B2%A0%EC%9D%B4%EC%8A%A4%EC%9B%90%20Feel%20the%20POP | Q139: https://music.youtube.com/search?q=%EC%A0%9C%EB%A1%9C%EB%B2%A0%EC%9D%B4%EC%8A%A4%EC%9B%90%20Feel%20the%20POP
A140: S139 | B140: Smoothie | C140: NCT DREAM | D140: 2024 | E140: 상큼발랄 | F140: 바다 | G140: 남돌 | I140: =IF($H171="","","https://youtu.be/"&$H171) | J140: =IF($H171="","","https://music.youtube.com/watch?v="&$H171) | K140: =IF($H171="","","https://img.youtube.com/vi/"&$H171&"/hqdefault.jpg") | L140: 확인필요 | M140: N | N140: 높음 | O140: 씨앗(검증 전) | P140: https://www.youtube.com/results?search_query=NCT%20DREAM%20Smoothie | Q140: https://music.youtube.com/search?q=NCT%20DREAM%20Smoothie
A141: S140 | B141: 첫 만남은 계획대로 되지 않아 | C141: 투어스 | D141: 2024 | E141: 상큼발랄 | F141: 바다 | G141: 남돌 | I141: =IF($H172="","","https://youtu.be/"&$H172) | J141: =IF($H172="","","https://music.youtube.com/watch?v="&$H172) | K141: =IF($H172="","","https://img.youtube.com/vi/"&$H172&"/hqdefault.jpg") | L141: 확인필요 | M141: N | N141: 높음 | O141: 씨앗(검증 전) | P141: https://www.youtube.com/results?search_query=%ED%88%AC%EC%96%B4%EC%8A%A4%20%EC%B2%AB%20%EB%A7%8C%EB%82%A8%EC%9D%80%20%EA%B3%84%ED%9A%8D%EB%8C%80%EB%A1%9C%20%EB%90%98%EC%A7%80%20%EC%95%8A%EC%95%84 | Q141: https://music.youtube.com/search?q=%ED%88%AC%EC%96%B4%EC%8A%A4%20%EC%B2%AB%20%EB%A7%8C%EB%82%A8%EC%9D%80%20%EA%B3%84%ED%9A%8D%EB%8C%80%EB%A1%9C%20%EB%90%98%EC%A7%80%20%EC%95%8A%EC%95%84
A142: S141 | B142: 다라리 (Darari) | C142: 트레저 | D142: 2022 | E142: 상큼발랄 | F142: 바다 | G142: 남돌 | I142: =IF($H173="","","https://youtu.be/"&$H173) | J142: =IF($H173="","","https://music.youtube.com/watch?v="&$H173) | K142: =IF($H173="","","https://img.youtube.com/vi/"&$H173&"/hqdefault.jpg") | L142: 확인필요 | M142: N | N142: 높음 | O142: 씨앗(검증 전) | P142: https://www.youtube.com/results?search_query=%ED%8A%B8%EB%A0%88%EC%A0%80%20%EB%8B%A4%EB%9D%BC%EB%A6%AC%20%28Darari%29 | Q142: https://music.youtube.com/search?q=%ED%8A%B8%EB%A0%88%EC%A0%80%20%EB%8B%A4%EB%9D%BC%EB%A6%AC%20%28Darari%29
A143: S142 | B143: Hello Future | C143: NCT DREAM | D143: 2021 | E143: 상큼발랄 | F143: 바다, 드라이브 | G143: 남돌 | I143: =IF($H174="","","https://youtu.be/"&$H174) | J143: =IF($H174="","","https://music.youtube.com/watch?v="&$H174) | K143: =IF($H174="","","https://img.youtube.com/vi/"&$H174&"/hqdefault.jpg") | L143: 확인필요 | M143: N | N143: 높음 | O143: 씨앗(검증 전) | P143: https://www.youtube.com/results?search_query=NCT%20DREAM%20Hello%20Future | Q143: https://music.youtube.com/search?q=NCT%20DREAM%20Hello%20Future
A144: S143 | B144: Permission to Dance | C144: 방탄소년단 | D144: 2021 | E144: 상큼발랄 | F144: 바다 | G144: 남돌 | I144: =IF($H175="","","https://youtu.be/"&$H175) | J144: =IF($H175="","","https://music.youtube.com/watch?v="&$H175) | K144: =IF($H175="","","https://img.youtube.com/vi/"&$H175&"/hqdefault.jpg") | L144: 확인필요 | M144: N | N144: 높음 | O144: 씨앗(검증 전) | P144: https://www.youtube.com/results?search_query=%EB%B0%A9%ED%83%84%EC%86%8C%EB%85%84%EB%8B%A8%20Permission%20to%20Dance | Q144: https://music.youtube.com/search?q=%EB%B0%A9%ED%83%84%EC%86%8C%EB%85%84%EB%8B%A8%20Permission%20to%20Dance
A145: S144 | B145: Dream Girl | C145: 샤이니 | D145: 2013 | E145: 상큼발랄 | F145: 바다, 드라이브 | G145: 남돌 | I145: =IF($H190="","","https://youtu.be/"&$H190) | J145: =IF($H190="","","https://music.youtube.com/watch?v="&$H190) | K145: =IF($H190="","","https://img.youtube.com/vi/"&$H190&"/hqdefault.jpg") | L145: 확인필요 | M145: N | N145: 높음 | O145: 씨앗(검증 전) | P145: https://www.youtube.com/results?search_query=%EC%83%A4%EC%9D%B4%EB%8B%88%20Dream%20Girl | Q145: https://music.youtube.com/search?q=%EC%83%A4%EC%9D%B4%EB%8B%88%20Dream%20Girl
A146: S145 | B146: Boom Boom Bass | C146: RIIZE | D146: 2024 | E146: 청량시원 | F146: 바다 | G146: 남돌 | I146: =IF($H191="","","https://youtu.be/"&$H191) | J146: =IF($H191="","","https://music.youtube.com/watch?v="&$H191) | K146: =IF($H191="","","https://img.youtube.com/vi/"&$H191&"/hqdefault.jpg") | L146: 확인필요 | M146: N | N146: 높음 | O146: 씨앗(검증 전) | P146: https://www.youtube.com/results?search_query=RIIZE%20Boom%20Boom%20Bass | Q146: https://music.youtube.com/search?q=RIIZE%20Boom%20Boom%20Bass
A147: S146 | B147: Earth, Wind & Fire | C147: 보이넥스트도어 | D147: 2024 | E147: 청량시원 | F147: 드라이브 | G147: 남돌 | I147: =IF($H192="","","https://youtu.be/"&$H192) | J147: =IF($H192="","","https://music.youtube.com/watch?v="&$H192) | K147: =IF($H192="","","https://img.youtube.com/vi/"&$H192&"/hqdefault.jpg") | L147: 확인필요 | M147: N | N147: 높음 | O147: 씨앗(검증 전) | P147: https://www.youtube.com/results?search_query=%EB%B3%B4%EC%9D%B4%EB%84%A5%EC%8A%A4%ED%8A%B8%EB%8F%84%EC%96%B4%20Earth%2C%20Wind%20%26%20Fire | Q147: https://music.youtube.com/search?q=%EB%B3%B4%EC%9D%B4%EB%84%A5%EC%8A%A4%ED%8A%B8%EB%8F%84%EC%96%B4%20Earth%2C%20Wind%20%26%20Fire
A148: S147 | B148: Sweat | C148: 제로베이스원 | D148: 2024 | E148: 청량시원 | F148: 드라이브 | G148: 남돌 | I148: =IF($H193="","","https://youtu.be/"&$H193) | J148: =IF($H193="","","https://music.youtube.com/watch?v="&$H193) | K148: =IF($H193="","","https://img.youtube.com/vi/"&$H193&"/hqdefault.jpg") | L148: 확인필요 | M148: N | N148: 높음 | O148: 씨앗(검증 전) | P148: https://www.youtube.com/results?search_query=%EC%A0%9C%EB%A1%9C%EB%B2%A0%EC%9D%B4%EC%8A%A4%EC%9B%90%20Sweat | Q148: https://music.youtube.com/search?q=%EC%A0%9C%EB%A1%9C%EB%B2%A0%EC%9D%B4%EC%8A%A4%EC%9B%90%20Sweat
A149: S148 | B149: 마에스트로 (MAESTRO) | C149: 세븐틴 | D149: 2024 | E149: 청량시원 | F149: 바다, 드라이브 | G149: 남돌 | I149: =IF($H194="","","https://youtu.be/"&$H194) | J149: =IF($H194="","","https://music.youtube.com/watch?v="&$H194) | K149: =IF($H194="","","https://img.youtube.com/vi/"&$H194&"/hqdefault.jpg") | L149: 확인필요 | M149: N | N149: 높음 | O149: 씨앗(검증 전) | P149: https://www.youtube.com/results?search_query=%EC%84%B8%EB%B8%90%ED%8B%B4%20%EB%A7%88%EC%97%90%EC%8A%A4%ED%8A%B8%EB%A1%9C%20%28MAESTRO%29 | Q149: https://music.youtube.com/search?q=%EC%84%B8%EB%B8%90%ED%8B%B4%20%EB%A7%88%EC%97%90%EC%8A%A4%ED%8A%B8%EB%A1%9C%20%28MAESTRO%29
A150: S149 | B150: Ay-Yo | C150: NCT 127 | D150: 2023 | E150: 청량시원 | F150: 바다 | G150: 남돌 | I150: =IF($H195="","","https://youtu.be/"&$H195) | J150: =IF($H195="","","https://music.youtube.com/watch?v="&$H195) | K150: =IF($H195="","","https://img.youtube.com/vi/"&$H195&"/hqdefault.jpg") | L150: 확인필요 | M150: N | N150: 높음 | O150: 씨앗(검증 전) | P150: https://www.youtube.com/results?search_query=NCT%20127%20Ay-Yo | Q150: https://music.youtube.com/search?q=NCT%20127%20Ay-Yo
A151: S150 | B151: Bite Me | C151: 엔하이픈 | D151: 2023 | E151: 청량시원 | F151: 바다 | G151: 남돌 | I151: =IF($H196="","","https://youtu.be/"&$H196) | J151: =IF($H196="","","https://music.youtube.com/watch?v="&$H196) | K151: =IF($H196="","","https://img.youtube.com/vi/"&$H196&"/hqdefault.jpg") | L151: 확인필요 | M151: N | N151: 높음 | O151: 씨앗(검증 전) | P151: https://www.youtube.com/results?search_query=%EC%97%94%ED%95%98%EC%9D%B4%ED%94%88%20Bite%20Me | Q151: https://music.youtube.com/search?q=%EC%97%94%ED%95%98%EC%9D%B4%ED%94%88%20Bite%20Me
A152: S151 | B152: Bouncy | C152: 에이티즈 | D152: 2023 | E152: 청량시원 | F152: 드라이브 | G152: 남돌 | I152: =IF($H197="","","https://youtu.be/"&$H197) | J152: =IF($H197="","","https://music.youtube.com/watch?v="&$H197) | K152: =IF($H197="","","https://img.youtube.com/vi/"&$H197&"/hqdefault.jpg") | L152: 확인필요 | M152: N | N152: 높음 | O152: 씨앗(검증 전) | P152: https://www.youtube.com/results?search_query=%EC%97%90%EC%9D%B4%ED%8B%B0%EC%A6%88%20Bouncy | Q152: https://music.youtube.com/search?q=%EC%97%90%EC%9D%B4%ED%8B%B0%EC%A6%88%20Bouncy
A153: S152 | B153: Get A Guitar | C153: RIIZE | D153: 2023 | E153: 청량시원 | F153: 바다, 드라이브 | G153: 남돌 | I153: =IF($H198="","","https://youtu.be/"&$H198) | J153: =IF($H198="","","https://music.youtube.com/watch?v="&$H198) | K153: =IF($H198="","","https://img.youtube.com/vi/"&$H198&"/hqdefault.jpg") | L153: 확인필요 | M153: N | N153: 높음 | O153: 씨앗(검증 전) | P153: https://www.youtube.com/results?search_query=RIIZE%20Get%20A%20Guitar | Q153: https://music.youtube.com/search?q=RIIZE%20Get%20A%20Guitar
A154: S153 | B154: ISTJ | C154: NCT DREAM | D154: 2023 | E154: 청량시원 | F154: 바다, 드라이브 | G154: 남돌 | I154: =IF($H199="","","https://youtu.be/"&$H199) | J154: =IF($H199="","","https://music.youtube.com/watch?v="&$H199) | K154: =IF($H199="","","https://img.youtube.com/vi/"&$H199&"/hqdefault.jpg") | L154: 확인필요 | M154: N | N154: 높음 | O154: 씨앗(검증 전) | P154: https://www.youtube.com/results?search_query=NCT%20DREAM%20ISTJ | Q154: https://music.youtube.com/search?q=NCT%20DREAM%20ISTJ
A155: S154 | B155: Melting Point | C155: 제로베이스원 | D155: 2023 | E155: 청량시원 | F155: 드라이브 | G155: 남돌 | I155: =IF($H200="","","https://youtu.be/"&$H200) | J155: =IF($H200="","","https://music.youtube.com/watch?v="&$H200) | K155: =IF($H200="","","https://img.youtube.com/vi/"&$H200&"/hqdefault.jpg") | L155: 확인필요 | M155: N | N155: 높음 | O155: 씨앗(검증 전) | P155: https://www.youtube.com/results?search_query=%EC%A0%9C%EB%A1%9C%EB%B2%A0%EC%9D%B4%EC%8A%A4%EC%9B%90%20Melting%20Point | Q155: https://music.youtube.com/search?q=%EC%A0%9C%EB%A1%9C%EB%B2%A0%EC%9D%B4%EC%8A%A4%EC%9B%90%20Melting%20Point
A156: S155 | B156: Roar | C156: 더보이즈 | D156: 2023 | E156: 청량시원 | F156: 바다, 드라이브 | G156: 남돌 | I156: =IF($H201="","","https://youtu.be/"&$H201) | J156: =IF($H201="","","https://music.youtube.com/watch?v="&$H201) | K156: =IF($H201="","","https://img.youtube.com/vi/"&$H201&"/hqdefault.jpg") | L156: 확인필요 | M156: N | N156: 높음 | O156: 씨앗(검증 전) | P156: https://www.youtube.com/results?search_query=%EB%8D%94%EB%B3%B4%EC%9D%B4%EC%A6%88%20Roar | Q156: https://music.youtube.com/search?q=%EB%8D%94%EB%B3%B4%EC%9D%B4%EC%A6%88%20Roar
... A188: S187 | B188: 아일랜드 (Island) | C188: 위너 | D188: 2019 | E188: 청량시원 | F188: 바다 | G188: 남돌 | I188: =IF($H233="","","https://youtu.be/"&$H233) | J188: =IF($H233="","","https://music.youtube.com/watch?v="&$H233) | K188: =IF($H233="","","https://img.youtube.com/vi/"&$H233&"/hqdefault.jpg") | L188: 확인필요 | M188: N | N188: 높음 | O188: 씨앗(검증 전) | P188: https://www.youtube.com/results?search_query=%EC%9C%84%EB%84%88%20%EC%95%84%EC%9D%BC%EB%9E%9C%EB%93%9C%20%28Island%29 | Q188: https://music.youtube.com/search?q=%EC%9C%84%EB%84%88%20%EC%95%84%EC%9D%BC%EB%9E%9C%EB%93%9C%20%28Island%29
A189: S188 | B189: Everybody | C189: 샤이니 | D189: 2013 | E189: 청량시원 | F189: 드라이브 | G189: 남돌 | I189: =IF($H262="","","https://youtu.be/"&$H262) | J189: =IF($H262="","","https://music.youtube.com/watch?v="&$H262) | K189: =IF($H262="","","https://img.youtube.com/vi/"&$H262&"/hqdefault.jpg") | L189: 확인필요 | M189: N | N189: 높음 | O189: 씨앗(검증 전) | P189: https://www.youtube.com/results?search_query=%EC%83%A4%EC%9D%B4%EB%8B%88%20Everybody | Q189: https://music.youtube.com/search?q=%EC%83%A4%EC%9D%B4%EB%8B%88%20Everybody
A190: S189 | B190: FANTASTIC BABY | C190: 빅뱅 | D190: 2012 | E190: 청량시원 | F190: 드라이브 | G190: 남돌 | I190: =IF($H263="","","https://youtu.be/"&$H263) | J190: =IF($H263="","","https://music.youtube.com/watch?v="&$H263) | K190: =IF($H263="","","https://img.youtube.com/vi/"&$H263&"/hqdefault.jpg") | L190: 확인필요 | M190: N | N190: 높음 | O190: 씨앗(검증 전) | P190: https://www.youtube.com/results?search_query=%EB%B9%85%EB%B1%85%20FANTASTIC%20BABY | Q190: https://music.youtube.com/search?q=%EB%B9%85%EB%B1%85%20FANTASTIC%20BABY
A191: S190 | B191: Sherlock (셜록) | C191: 샤이니 | D191: 2012 | E191: 청량시원 | F191: 바다 | G191: 남돌 | I191: =IF($H264="","","https://youtu.be/"&$H264) | J191: =IF($H264="","","https://music.youtube.com/watch?v="&$H264) | K191: =IF($H264="","","https://img.youtube.com/vi/"&$H264&"/hqdefault.jpg") | L191: 확인필요 | M191: N | N191: 높음 | O191: 씨앗(검증 전) | P191: https://www.youtube.com/results?search_query=%EC%83%A4%EC%9D%B4%EB%8B%88%20Sherlock%20%28%EC%85%9C%EB%A1%9D%29 | Q191: https://music.youtube.com/search?q=%EC%83%A4%EC%9D%B4%EB%8B%88%20Sherlock%20%28%EC%85%9C%EB%A1%9D%29
A192: S191 | B192: 추격자 (The Chaser) | C192: 인피니트 | D192: 2012 | E192: 청량시원 | F192: 드라이브 | G192: 남돌 | I192: =IF($H265="","","https://youtu.be/"&$H265) | J192: =IF($H265="","","https://music.youtube.com/watch?v="&$H265) | K192: =IF($H265="","","https://img.youtube.com/vi/"&$H265&"/hqdefault.jpg") | L192: 확인필요 | M192: N | N192: 높음 | O192: 씨앗(검증 전) | P192: https://www.youtube.com/results?search_query=%EC%9D%B8%ED%94%BC%EB%8B%88%ED%8A%B8%20%EC%B6%94%EA%B2%A9%EC%9E%90%20%28The%20Chaser%29 | Q192: https://music.youtube.com/search?q=%EC%9D%B8%ED%94%BC%EB%8B%88%ED%8A%B8%20%EC%B6%94%EA%B2%A9%EC%9E%90%20%28The%20Chaser%29
A193: S192 | B193: Love 119 | C193: RIIZE | D193: 2024 | E193: 설렘두근 | F193: 밤바다 | G193: 남돌 | I193: =IF($H267="","","https://youtu.be/"&$H267) | J193: =IF($H267="","","https://music.youtube.com/watch?v="&$H267) | K193: =IF($H267="","","https://img.youtube.com/vi/"&$H267&"/hqdefault.jpg") | L193: 확인필요 | M193: N | N193: 높음 | O193: 씨앗(검증 전) | P193: https://www.youtube.com/results?search_query=RIIZE%20Love%20119 | Q193: https://music.youtube.com/search?q=RIIZE%20Love%20119
A194: S193 | B194: But I Like You | C194: 보이넥스트도어 | D194: 2023 | E194: 설렘두근 | F194: 밤바다 | G194: 남돌 | I194: =IF($H268="","","https://youtu.be/"&$H268) | J194: =IF($H268="","","https://music.youtube.com/watch?v="&$H268) | K194: =IF($H268="","","https://img.youtube.com/vi/"&$H268&"/hqdefault.jpg") | L194: 확인필요 | M194: N | N194: 높음 | O194: 씨앗(검증 전) | P194: https://www.youtube.com/results?search_query=%EB%B3%B4%EC%9D%B4%EB%84%A5%EC%8A%A4%ED%8A%B8%EB%8F%84%EC%96%B4%20But%20I%20Like%20You | Q194: https://music.youtube.com/search?q=%EB%B3%B4%EC%9D%B4%EB%84%A5%EC%8A%A4%ED%8A%B8%EB%8F%84%EC%96%B4%20But%20I%20Like%20You
A195: S194 | B195: In Bloom | C195: 제로베이스원 | D195: 2023 | E195: 설렘두근 | F195: 밤바다, 드라이브 | G195: 남돌 | I195: =IF($H269="","","https://youtu.be/"&$H269) | J195: =IF($H269="","","https://music.youtube.com/watch?v="&$H269) | K195: =IF($H269="","","https://img.youtube.com/vi/"&$H269&"/hqdefault.jpg") | L195: 확인필요 | M195: N | N195: 높음 | O195: 씨앗(검증 전) | P195: https://www.youtube.com/results?search_query=%EC%A0%9C%EB%A1%9C%EB%B2%A0%EC%9D%B4%EC%8A%A4%EC%9B%90%20In%20Bloom | Q195: https://music.youtube.com/search?q=%EC%A0%9C%EB%A1%9C%EB%B2%A0%EC%9D%B4%EC%8A%A4%EC%9B%90%20In%20Bloom
A196: S195 | B196: One and Only | C196: 보이넥스트도어 | D196: 2023 | E196: 설렘두근 | F196: 밤바다 | G196: 남돌 | I196: =IF($H270="","","https://youtu.be/"&$H270) | J196: =IF($H270="","","https://music.youtube.com/watch?v="&$H270) | K196: =IF($H270="","","https://img.youtube.com/vi/"&$H270&"/hqdefault.jpg") | L196: 확인필요 | M196: N | N196: 높음 | O196: 씨앗(검증 전) | P196: https://www.youtube.com/results?search_query=%EB%B3%B4%EC%9D%B4%EB%84%A5%EC%8A%A4%ED%8A%B8%EB%8F%84%EC%96%B4%20One%20and%20Only | Q196: https://music.youtube.com/search?q=%EB%B3%B4%EC%9D%B4%EB%84%A5%EC%8A%A4%ED%8A%B8%EB%8F%84%EC%96%B4%20One%20and%20Only
A197: S196 | B197: Sugar Rush Ride | C197: 투모로우바이투게더 | D197: 2023 | E197: 설렘두근 | F197: 밤바다, 드라이브 | G197: 남돌 | I197: =IF($H271="","","https://youtu.be/"&$H271) | J197: =IF($H271="","","https://music.youtube.com/watch?v="&$H271) | K197: =IF($H271="","","https://img.youtube.com/vi/"&$H271&"/hqdefault.jpg") | L197: 확인필요 | M197: N | N197: 높음 | O197: 씨앗(검증 전) | P197: https://www.youtube.com/results?search_query=%ED%88%AC%EB%AA%A8%EB%A1%9C%EC%9A%B0%EB%B0%94%EC%9D%B4%ED%88%AC%EA%B2%8C%EB%8D%94%20Sugar%20Rush%20Ride | Q197: https://music.youtube.com/search?q=%ED%88%AC%EB%AA%A8%EB%A1%9C%EC%9A%B0%EB%B0%94%EC%9D%B4%ED%88%AC%EA%B2%8C%EB%8D%94%20Sugar%20Rush%20Ride
A198: S197 | B198: Sweet Venom | C198: 엔하이픈 | D198: 2023 | E198: 설렘두근 | F198: 밤바다 | G198: 남돌 | I198: =IF($H272="","","https://youtu.be/"&$H272) | J198: =IF($H272="","","https://music.youtube.com/watch?v="&$H272) | K198: =IF($H272="","","https://img.youtube.com/vi/"&$H272&"/hqdefault.jpg") | L198: 확인필요 | M198: N | N198: 높음 | O198: 씨앗(검증 전) | P198: https://www.youtube.com/results?search_query=%EC%97%94%ED%95%98%EC%9D%B4%ED%94%88%20Sweet%20Venom | Q198: https://music.youtube.com/search?q=%EC%97%94%ED%95%98%EC%9D%B4%ED%94%88%20Sweet%20Venom
A199: S198 | B199: Polaroid Love | C199: 엔하이픈 | D199: 2022 | E199: 설렘두근 | F199: 밤바다 | G199: 남돌 | I199: =IF($H273="","","https://youtu.be/"&$H273) | J199: =IF($H273="","","https://music.youtube.com/watch?v="&$H273) | K199: =IF($H273="","","https://img.youtube.com/vi/"&$H273&"/hqdefault.jpg") | L199: 확인필요 | M199: N | N199: 높음 | O199: 씨앗(검증 전) | P199: https://www.youtube.com/results?search_query=%EC%97%94%ED%95%98%EC%9D%B4%ED%94%88%20Polaroid%20Love | Q199: https://music.youtube.com/search?q=%EC%97%94%ED%95%98%EC%9D%B4%ED%94%88%20Polaroid%20Love
A200: S199 | B200: Ready to love | C200: 세븐틴 | D200: 2021 | E200: 설렘두근 | F200: 밤바다, 드라이브 | G200: 남돌 | I200: =IF($H274="","","https://youtu.be/"&$H274) | J200: =IF($H274="","","https://music.youtube.com/watch?v="&$H274) | K200: =IF($H274="","","https://img.youtube.com/vi/"&$H274&"/hqdefault.jpg") | L200: 확인필요 | M200: N | N200: 높음 | O200: 씨앗(검증 전) | P200: https://www.youtube.com/results?search_query=%EC%84%B8%EB%B8%90%ED%8B%B4%20Ready%20to%20love | Q200: https://music.youtube.com/search?q=%EC%84%B8%EB%B8%90%ED%8B%B4%20Ready%20to%20love
A201: S200 | B201: WHISPER | C201: 더보이즈 | D201: 2021 | E201: 설렘두근 | F201: 밤바다, 드라이브 | G201: 남돌 | I201: =IF($H275="","","https://youtu.be/"&$H275) | J201: =IF($H275="","","https://music.youtube.com/watch?v="&$H275) | K201: =IF($H275="","","https://img.youtube.com/vi/"&$H275&"/hqdefault.jpg") | L201: 확인필요 | M201: N | N201: 높음 | O201: 씨앗(검증 전) | P201: https://www.youtube.com/results?search_query=%EB%8D%94%EB%B3%B4%EC%9D%B4%EC%A6%88%20WHISPER | Q201: https://music.youtube.com/search?q=%EB%8D%94%EB%B3%B4%EC%9D%B4%EC%A6%88%20WHISPER
A202: S201 | B202: All Night (전화해) | C202: 아스트로 | D202: 2019 | E202: 설렘두근 | F202: 밤바다 | G202: 남돌 | I202: =IF($H276="","","https://youtu.be/"&$H276) | J202: =IF($H276="","","https://music.youtube.com/watch?v="&$H276) | K202: =IF($H276="","","https://img.youtube.com/vi/"&$H276&"/hqdefault.jpg") | L202: 확인필요 | M202: N | N202: 높음 | O202: 씨앗(검증 전) | P202: https://www.youtube.com/results?search_query=%EC%95%84%EC%8A%A4%ED%8A%B8%EB%A1%9C%20All%20Night%20%28%EC%A0%84%ED%99%94%ED%95%B4%29 | Q202: https://music.youtube.com/search?q=%EC%95%84%EC%8A%A4%ED%8A%B8%EB%A1%9C%20All%20Night%20%28%EC%A0%84%ED%99%94%ED%95%B4%29
A203: S202 | B203: Calling You | C203: 하이라이트 | D203: 2019 | E203: 설렘두근 | F203: 밤바다, 드라이브 | G203: 남돌 | I203: =IF($H277="","","https://youtu.be/"&$H277) | J203: =IF($H277="","","https://music.youtube.com/watch?v="&$H277) | K203: =IF($H277="","","https://img.youtube.com/vi/"&$H277&"/hqdefault.jpg") | L203: 확인필요 | M203: N | N203: 높음 | O203: 씨앗(검증 전) | P203: https://www.youtube.com/results?search_query=%ED%95%98%EC%9D%B4%EB%9D%BC%EC%9D%B4%ED%8A%B8%20Calling%20You | Q203: https://music.youtube.com/search?q=%ED%95%98%EC%9D%B4%EB%9D%BC%EC%9D%B4%ED%8A%B8%20Calling%20You
A204: S203 | B204: Love Me | C204: 뉴이스트 | D204: 2019 | E204: 설렘두근 | F204: 밤바다 | G204: 남돌 | I204: =IF($H278="","","https://youtu.be/"&$H278) | J204: =IF($H278="","","https://music.youtube.com/watch?v="&$H278) | K204: =IF($H278="","","https://img.youtube.com/vi/"&$H278&"/hqdefault.jpg") | L204: 확인필요 | M204: N | N204: 높음 | O204: 씨앗(검증 전) | P204: https://www.youtube.com/results?search_query=%EB%89%B4%EC%9D%B4%EC%8A%A4%ED%8A%B8%20Love%20Me | Q204: https://music.youtube.com/search?q=%EB%89%B4%EC%9D%B4%EC%8A%A4%ED%8A%B8%20Love%20Me
... A206: S205 | B206: 사랑을 했다 (Love Scenario) | C206: 아이콘 | D206: 2018 | E206: 설렘두근 | F206: 밤바다, 드라이브 | G206: 남돌 | I206: =IF($H280="","","https://youtu.be/"&$H280) | J206: =IF($H280="","","https://music.youtube.com/watch?v="&$H280) | K206: =IF($H280="","","https://img.youtube.com/vi/"&$H280&"/hqdefault.jpg") | L206: 확인필요 | M206: N | N206: 높음 | O206: 씨앗(검증 전) | P206: https://www.youtube.com/results?search_query=%EC%95%84%EC%9D%B4%EC%BD%98%20%EC%82%AC%EB%9E%91%EC%9D%84%20%ED%96%88%EB%8B%A4%20%28Love%20Scenario%29 | Q206: https://music.youtube.com/search?q=%EC%95%84%EC%9D%B4%EC%BD%98%20%EC%82%AC%EB%9E%91%EC%9D%84%20%ED%96%88%EB%8B%A4%20%28Love%20Scenario%29
...

Sheet 집계
A1: 카테고리별 집계 (자동 계산)
A2: 총 곡수 | B2: =COUNTA(큐레이션마스터!A2:A512)
A4: 무드
A5: 항목 | B5: 곡수
A6: 상큼발랄 | B6: =COUNTIF(큐레이션마스터!$E$2:$E$512,"상큼발랄")
A7: 청량시원 | B7: =COUNTIF(큐레이션마스터!$E$2:$E$512,"청량시원")
A8: 설렘두근 | B8: =COUNTIF(큐레이션마스터!$E$2:$E$512,"설렘두근")
A9: 센치감성 | B9: =COUNTIF(큐레이션마스터!$E$2:$E$512,"센치감성")
A11: 순간
A12: 항목 | B12: 곡수
A13: 바다 | B13: =COUNTIF(큐레이션마스터!$F$2:$F$512,"*바다*")-COUNTIF(큐레이션마스터!$F$2:$F$512,"*밤바다*")
A14: 드라이브 | B14: =COUNTIF(큐레이션마스터!$F$2:$F$512,"*드라이브*")
A15: 밤바다 | B15: =COUNTIF(큐레이션마스터!$F$2:$F$512,"*밤바다*")
A16: 비오는날 | B16: =COUNTIF(큐레이션마스터!$F$2:$F$512,"*비오는날*")
A18: 그룹
A19: 항목 | B19: 곡수
A20: 여돌 | B20: =COUNTIF(큐레이션마스터!$G$2:$G$512,"여돌")
A21: 남돌 | B21: =COUNTIF(큐레이션마스터!$G$2:$G$512,"남돌")
A22: 솔로 | B22: =COUNTIF(큐레이션마스터!$G$2:$G$512,"솔로")
A23: 밴드 | B23: =COUNTIF(큐레이션마스터!$G$2:$G$512,"밴드")
A24: 그룹 | B24: =COUNTIF(큐레이션마스터!$G$2:$G$512,"그룹")
A25: 힙합 | B25: =COUNTIF(큐레이션마스터!$G$2:$G$512,"힙합")
A26: 기타 | B26: =COUNTIF(큐레이션마스터!$G$2:$G$512,"기타")

Sheet 카테고리정의
A1: 카테고리 체계 (3축) · 메인 타겟 20~30대 · 2010년 이후 곡만
A3: 축 | B3: 값 | C3: 비고
A4: 무드(감정,1개) | B4: 상큼발랄 / 청량시원 / 설렘두근 / 센치감성 | C4: 곡당 1개
A5: 순간(상황,다중) | B5: 바다 / 드라이브 / 밤바다 / 비오는날 | C5: 무드 기반 재분배로 균형화
A6: 아티스트(그룹) | B6: 여돌 / 남돌 / 솔로 / 밴드 / 그룹 / 힙합 / 기타 | C6: 여돌=상큼, 남돌=청량 강조

Sheet 가이드
A1: 사용 가이드
A3: 1) videoId(11자리)만 넣으면 유튜브/유튜브뮤직/썸네일 URL 자동 생성.
A4: 2) 전 곡 2010년 이후, 봄/가을/겨울 곡 제외. 그룹→무드→연도순 정렬.
A5: 3) 순간 태그는 무드 기반으로 재분배해 4개 카테고리를 균형화(검증 시 곡별로 미세조정 가능).
A6: 4) 대부분 '검증 전' 씨앗 → 공식 영상·연도 확인 후 검증완료=Y.
A7: 5) videoId는 비오는날 10곡만 확보(참조 아티클) → 공식 채널 재확인 필요.
A8: 6) 집계 시트에서 무드/순간/그룹 곡수 자동 확인. 상단 필터로 즉시 플레이리스트 추출.
A9: 7) 출처: 여자아이돌·밴드/인디=웹 리서치, 남자아이돌·힙합/시즌송=큐레이션 지식(연도 검증 권장).
A11: [열기(자동) 컬럼 안내]
A12: · P/Q '유튜브 열기(자동)/유튜브뮤직 열기(자동)'은 모든 곡에서 즉시 동작하는 링크입니다.
A13: - videoId가 있으면 해당 영상 직접 재생, 없으면 '아티스트 곡명' 검색 결과로 열림(대개 최상단이 공식).
A14: - 앱의 openURL에 이 컬럼을 넣으면 300곡 전부 바로 재생 가능(검증 불필요).
... A16: · videoId 대량 확보는 유튜브 데이터 API 키로 스크립트 채우기 권장(검색 100유닛/건, 무료쿼터 하루 약 100건).
